Gene_Symbol,Label
LRRC59,0
CDK11A,0
KIF25,0
TTC28,0
SMC6,0
KHNYN,0
YTHDC1,0
NELFB,0
MCRS1,0
LONP2,0
RPS15A,0
USP22,0
IFFO1,0
MAP10,0
MFSD14A,0
RBL1,0
TTI2,0
GTPBP4,0
MRPL17,0
DDX47,0
SRM,0
RFC5,0
ZNF276,0
H1FX,0
EMC7,0
TSN,0
BTBD1,0
C1ORF43,0
WDHD1,0
ACP1,0
KIF4B,0
ZNF503,0
ATAD2,0
CATSPERZ,0
VEZF1,0
NEK6,0
PSMA2,0
NFRKB,0
DKC1,0
GLE1,0
MRPL38,0
USP44,0
SIX3,0
EIF4A3,0
IFNW1,0
REXO4,0
RPL37,0
DPF1,0
SHARPIN,0
PIBF1,0
DNAJC4,0
SPIRE1,0
NSRP1,0
MARCKS,0
INTS3,0
RAB11B,0
GNPTG,0
PRDX1,0
SAMM50,0
SUV39H1,0
DNAJC1,0
THAP4,0
TSC1,0
PDCD7,0
MCM7,0
AAAS,0
DMAP1,0
MAX,0
TOPBP1,0
TUBA4A,0
NDST1,0
SNX27,0
CNOT11,0
PMPCB,0
UBP1,0
PICALM,0
RAB35,0
PACSIN2,0
AHSA1,0
MRPS2,0
ATP5F1E,0
MRPL51,0
MIR30C2,0
TWF2,0
CRNN,0
C22ORF39,0
ATP5ME,0
EDNRA,0
C11ORF68,0
DEUP1,0
FARSA,0
RTL8C,0
DYNC1LI2,0
ANKRD10,0
CALM2,0
TUBA3C,0
RDH14,0
UBE2G2,0
LRP5,0
MIR503,0
LAMTOR2,0
NR2F6,0
PPP2CA,0
WRNIP1,0
DMRTC2,0
CCDC124,0
KLHDC3,0
EZH2,0
NCAPD3,0
KIF13A,0
VAPA,0
TAF10,0
DDX49,0
PTPRK,0
NDUFB2,0
CCT6A,0
PCSK7,0
TRIM75,0
IDH3B,0
CAP1,0
DACH1,0
PKP3,0
SUMO2,0
INSM1,0
UQCC2,0
CCDC57,0
VAMP3,0
BTBD2,0
IHO1,0
EIF4A1,0
CDC42SE1,0
KIF3B,0
NUBP1,0
RPL28,0
CDK7,0
ARID1A,0
FXR2,0
PRCP,0
TMEM59,0
KIAA2013,0
SMARCD2,0
PTPN3,0
DDX18,0
COQ4,0
TMED9,0
UBE2E2,0
OGFR,0
COX4I1,0
SART1,0
INHA,0
CDC37L1,0
NFIB,0
NLRP2,0
EPN1,0
PRP4K,0
PTGES3,0
CNTROB,0
IPO9,0
SHCBP1L,0
USP8,0
SEPTIN12,0
BSDC1,0
MMS19,0
GTF3C6,0
ISCA2,0
POGZ,0
ZNF865,0
MMP24OS,0
NUPR2,0
TRIM28,0
NEDD8,0
AZIN1,0
ESCO2,0
PLOD1,0
RNF123,0
BUD13,0
TMEM184B,0
OSTC,0
DEGS1,0
SEPTIN9,0
IGF2,0
BRINP2,0
PEF1,0
HDLBP,0
PLRG1,0
WRAP73,0
HNRNPH3,0
INIP,0
MRPS34,0
MRPS9,0
ARHGAP1,0
FOXN3,0
BMS1,0
STAG1,0
UTP18,0
BTG4,0
HDAC8,0
FAM174A,0
RPA2,0
SECISBP2L,0
MX2,0
RPL22,0
NDC80,0
VPS25,0
LMAN2L,0
PWP1,0
PSME1,0
APPL2,0
ENTPD4,0
GID8,0
SMPD3,0
NSFL1C,0
MRPL46,0
KHDC4,0
SLC39A13,0
CYP1A1,0
NMT1,0
PGLS,0
R3HCC1,0
NAA10,0
PSMD1,0
KIF15,0
TOR3A,0
HNRNPA2B1,0
UCK2,0
PTPN12,0
CAND1,0
SRPK1,0
SOS2,0
DNAJB6,0
UBE2A,0
NCLN,0
EMC6,0
ZNF395,0
RPS24,0
KCMF1,0
FAM32A,0
ETAA1,0
SYNCRIP,0
WDFY1,0
AAR2,0
PHF5A,0
RABAC1,0
ESD,0
PSMD13,0
FANCD2,0
PRKAG2,0
EFCAB14,0
DRD3,0
UBE2J1,0
DSN1,0
NFX1,0
EPC1,0
PPP2CB,0
PSME2,0
SNRPC,0
BUB1,0
MRPL54,0
CENPN,0
SPO11,0
BUD23,0
BCAS2,0
LAMP1,0
USP17L2,0
MIR520H,0
SLC39A7,0
RASSF1,0
SLTM,0
RPL36,0
RNF139,0
QSOX1,0
WDR46,0
DONSON,0
TBC1D22B,0
ELAVL1,0
SPIN1,0
ACTG1,0
KXD1,0
UFL1,0
EPC2,0
RHEB,0
ZNF32,0
LIG3,0
CEP55,0
TFE3,0
STXBP3,0
AFF4,0
FES,0
MIS12,0
ARF1,0
DIMT1,0
CENPO,0
PTPN11,0
PSMD4,0
POLDIP2,0
RER1,0
NPEPL1,0
SEC22C,0
CEP250,0
LASP1,0
PDZD11,0
ABHD12,0
GNB2,0
DNAJB11,0
ROPN1B,0
KPNA6,0
CUL3,0
DARS,0
AP2M1,0
MCTS1,0
XPC,0
GINS2,0
PITHD1,0
SND1,0
MTCL2,0
CDC27,0
CDC14C,0
CDK10,0
SHOC1,0
PIN1,0
SYPL1,0
ACTR8,0
COA3,0
CRKL,0
IQGAP3,0
PFN1,0
HP1BP3,0
MIR638,0
RPL35,0
STRADA,0
SCYL1,0
IMP3,0
PKD1,0
C9ORF78,0
CDCA3,0
MRPS14,0
MRPS25,0
MAPK14,0
ADI1,0
FRG1,0
CENPF,0
CDC26,0
GDI1,0
SLC16A1,0
ARL8B,0
CERS2,0
PIWIL4,0
EML1,0
SMARCD1,0
MITD1,0
CDKL4,0
COG3,0
RFPL1,0
TDRD9,0
YPEL5,0
RBPJ,0
CSNK2B,0
CHTOP,0
CLTA,0
CHAMP1,0
KCTD9,0
AGAP3,0
MRFAP1L1,0
MTBP,0
AMFR,0
CALM1,0
INO80,0
BRD7,0
ATP6V0D1,0
RTRAF,0
PLD6,0
DTD1,0
ARF6,0
TBK1,0
C6ORF62,0
KPNA1,0
SEPT9,0
STX12,0
H3-3A,0
CDK11B,0
MRPL21,0
CTDSPL,0
AKR7A2,0
REEP4,0
NABP1,0
MRPS28,0
ROCK2,0
OBSL1,0
RTEL1,0
UBA1,0
AARSD1,0
KPNA2,0
CIC,0
PCBD1,0
NDEL1,0
PCLAF,0
ATP6V0C,0
CIAO1,0
MIR424,0
RBM25,0
TUBB8,0
ANAPC7,0
NAT10,0
RANGRF,0
PRDX4,0
GEN1,0
RACGAP1,0
RPA3,0
ZCRB1,0
ASB7,0
XPO1,0
DCTN3,0
NOL7,0
CETN2,0
TXNL1,0
TOMM5,0
FBXL12,0
FAM83D,0
HAUS7,0
ARHGEF10,0
DNAJC9,0
ULK1,0
TROAP,0
MRPS24,0
DYNLT1,0
UBE2I,0
SLC41A3,0
USP7,0
RNASEH2B,0
FOXJ3,0
C7ORF26,0
RPL23A,0
HAUS1,0
OXSR1,0
TPRG1L,0
STAG2,0
CENPH,0
PSIP1,0
MUS81,0
ERCC4,0
ELOB,0
SSBP1,0
TUBE1,0
CDC25C,0
VCP,0
MCM5,0
KAT8,0
ANAPC2,0
FBXW2,0
SCAND3,0
LDB1,0
RPLP2,0
SETD5,0
COPB2,0
PINX1,0
DYNLT3,0
POLA2,0
RABL6,0
BUB3,0
OVOL1,0
MRPL33,0
TBCE,0
DLST,0
G3BP1,0
TAS1R2,0
KAT5,0
MRPL32,0
CD81,0
PHOX2B,0
AARS,0
YWHAB,0
FBXW4,0
XPOT,0
ZNF146,0
KIF2A,0
PRADC1,0
CUL1,0
CUL4B,0
SEC62,0
USP50,0
HMCES,0
EIF2S3,0
CEP97,0
IMPAD1,0
ZWILCH,0
MRPL34,0
NGDN,0
RNF126,0
CRTC3,0
SLC35A4,0
PRICKLE1,0
RNF2,0
RANBP10,0
MIR362,0
CTBP1,0
INO80C,0
TM9SF3,0
SLC39A1,0
CPSF3,0
ATP6V1F,0
LONP1,0
EEF1G,0
POLR3C,0
CNPPD1,0
ARID2,0
TTI1,0
HMGN3,0
B4GALT5,0
UBE2S,0
ORC1,0
MRPL57,0
C6ORF47,0
OPN1MW3,0
FBRS,0
PSMC3,0
MYBL1,0
EXOC2,0
ZC3H15,0
GPSM1,0
LRRC14,0
IPO8,0
DNAJC13,0
AL135905.2,0
ST13,0
CSDE1,0
USP11,0
UNC50,0
MRPS17,0
STK38,0
CAMSAP3,0
GPN2,0
RERE,0
EMD,0
TMX3,0
HMGA1,0
H2BW1,0
OR1A2,0
RAD18,0
SPDYA,0
EFNA5,0
COX5A,0
PRPF3,0
UBE2M,0
PSMD14,0
LRPAP1,0
E4F1,0
USP33,0
KIF23,0
ODF2,0
STXBP4,0
TXN2,0
EIF4H,0
POFUT1,0
PTP4A2,0
RAP1A,0
HABP4,0
TMED10,0
CNTLN,0
CCNB1,0
AES,0
NSMCE1,0
GPR3,0
TMEM147,0
PURA,0
ARL1,0
FBXL3,0
EIF4EBP2,0
PLD3,0
SPC25,0
TOB2,0
MYBL2,0
S100A6,0
TMEM87A,0
CDC16,0
ATXN10,0
CHCHD1,0
RNF168,0
RPS23,0
CDC23,0
PHACTR4,0
PRDM5,0
NAA60,0
EIF3M,0
CYB5R1,0
MRPL53,0
FBXO5,0
C16ORF70,0
CTDP1,0
COMMD7,0
TADA2A,0
DNPH1,0
TACC1,0
CCNK,0
YWHAE,0
EIF3B,0
UBQLN4,0
SMARCA4,0
STX5,0
CCNO,0
RAB1B,0
MRPL44,0
DEXI,0
CEP192,0
CMTR1,0
AICDA,0
INTS13,0
KCTD20,0
SMARCD3,0
ALOX15B,0
ANAPC4,0
RPL7A,0
UBA3,0
SLC39A6,0
IPO7,0
ODC1,0
MSH6,0
TENT4A,0
PSMD12,0
INTS12,0
MRPS6,0
KPNA3,0
PLAGL1,0
CDC45,0
RPL27,0
GADD45GIP1,0
PLK4,0
LSM10,0
NDUFB11,0
MEIS2,0
C19ORF53,0
M6PR,0
RAD1,0
USB1,0
UBR4,0
SNRPD1,0
WASL,0
CREG1,0
DACT1,0
TMEM60,0
TAL1,0
RABGAP1,0
TUBAL3,0
KEAP1,0
SMURF1,0
SNX18,0
CHMP4A,0
CABLES2,0
RPS4X,0
CCDC85B,0
RARS2,0
FAM53C,0
GPBP1,0
ATRX,0
AASDHPPT,0
LEMD2,0
MYH14,0
CRLF3,0
PFDN5,0
PROX1,0
CHEK1,0
RAB14,0
CBR4,0
INPPL1,0
KLHL21,0
DNLZ,0
AFAP1L2,0
PRPF40A,0
TMEM9,0
ATP6V0B,0
SCYL2,0
C19ORF70,0
TAOK2,0
ZYX,0
SMARCC1,0
USP4,0
SDHB,0
MRFAP1,0
CCDC102B,0
EXOC8,0
NAA50,0
EXOC1,0
NLE1,0
C5ORF15,0
CRY2,0
TSNAX,0
PSMA3,0
LRPPRC,0
UBL3,0
HMGXB3,0
TMED2,0
GPAT4,0
KIAA1614,0
FKBP1A,0
UHMK1,0
RAB9A,0
PCYT1A,0
STIP1,0
LPGAT1,0
MRGPRX2,0
HAUS3,0
UNC119,0
ABCF2,0
PCID2,0
CDKL2,0
SPAG7,0
TDRKH,0
KNSTRN,0
RBM4,0
SEC31A,0
GINS3,0
ISCU,0
RANBP9,0
NUSAP1,0
CEP135,0
NBN,0
ARL2BP,0
MYL12A,0
CETN3,0
MFAP1,0
USP19,0
SLF1,0
OPTN,0
ATG101,0
EIF3A,0
RXFP3,0
PHB,0
CHMP3,0
PDS5A,0
DDX23,0
GNB1L,0
CCNB3,0
MYB,0
PRKAG3,0
TERB1,0
CDC20,0
RPS27L,0
TMED1,0
PKIA,0
MRPL9,0
RAB5A,0
DRAP1,0
YIF1A,0
CCDC47,0
TNKS,0
PSRC1,0
PAIP2,0
PNISR,0
ACTB,0
EXOC6,0
TUBB4A,0
FOXJ2,0
CLNS1A,0
TCIM,0
PFKL,0
NCAPD2,0
SSRP1,0
THAP1,0
NDUFA11,0
EPGN,0
OVCA2,0
SLU7,0
MYL12B,0
SH3GL1,0
NIFK,0
PHF10,0
CDK13,0
RAB13,0
PHF1,0
MIIP,0
AHCYL1,0
MTHFD2,0
SKP2,0
RAC1,0
BRCC3,0
DDX11L8,0
MPHOSPH8,0
RASAL2,0
DCTN2,0
ABCE1,0
RAMAC,0
NDE1,0
STX8,0
RAD51C,0
FAM234A,0
RPS20,0
CCDC66,0
ARMC1,0
CDV3,0
BOP1,0
GIGYF1,0
SAFB,0
FAM89B,0
RPF1,0
NDUFS8,0
CEP126,0
BBS4,0
POLE4,0
PGRMC2,0
TSR1,0
GALNT11,0
UVRAG,0
TOMM20,0
C12ORF10,0
VAMP2,0
RNF20,0
CLCN3,0
MORF4L2,0
ZFP91,0
LARP4B,0
RNF13,0
PPP1R7,0
UBE2T,0
DYNC1H1,0
ARPC3,0
INO80E,0
MLF2,0
SETMAR,0
DYNLRB1,0
SCAND1,0
ZBTB38,0
SNRPF,0
XRCC5,0
ABCB1,0
NOP10,0
ILK,0
PARP9,0
ZNF251,0
GOLGA3,0
ARF5,0
RPS9,0
WDR76,0
POLR2F,0
TRA2A,0
TTC1,0
DUSP11,0
CHMP4BP1,0
SF3B6,0
PRCC,0
LIPA,0
CUL9,0
DELE1,0
ATP6V1G1,0
TMEM219,0
PRR19,0
PDXP,0
NPM2,0
TRA2B,0
NAPG,0
PKD2,0
HNRNPU,0
TRAK2,0
PSMA1,0
NPEPPS,0
COPE,0
PDIK1L,0
IDS,0
CAPNS1,0
MDH2,0
ESYT1,0
KIF22,0
GLI1,0
MEIOB,0
RPS13,0
BOLL,0
NDUFAF8,0
MCM6,0
ECSIT,0
DDX11,0
ATP5PF,0
KRCC1,0
ESCO1,0
KDELR1,0
TMEM248,0
FANCA,0
CCT2,0
LSM4,0
KDM4B,0
ALDOA,0
NUMB,0
RPS6KA5,0
UHRF2,0
RIC8A,0
POLD3,0
RBMX2,0
RSPH1,0
CCNE2,0
AP2A2,0
BCL7B,0
SKA3,0
ACTR5,0
UBA52,0
NDUFAF3,0
BRDT,0
EIF1,0
DIS3L2,0
NPAT,0
CUEDC2,0
CDK3,0
HEXIM2,0
RHOC,0
RPL18A,0
YJU2,0
DEAF1,0
SNX19,0
SHMT1,0
PES1,0
RPS12,0
VPS16,0
RRAGA,0
N4BP1,0
MIR520A,0
IST1,0
CEP295NL,0
HASPIN,0
ALMS1,0
STAU1,0
MAGOH,0
MRPS7,0
TFDP1,0
RAB11FIP3,0
YWHAG,0
APH1A,0
CLPTM1,0
CDK5RAP3,0
USP2,0
NDUFB3,0
SETD1B,0
PCIF1,0
HMGB3,0
NCAPH2,0
NDUFB6,0
CDKN2C,0
BTF3L4,0
AUNIP,0
SSR4,0
CMAS,0
PABPC4,0
EPM2A,0
RIOK3,0
MMS22L,0
LMAN1,0
SRSF2,0
PRR11,0
MEIS1,0
TBCA,0
PSMD6,0
FAM168B,0
UBE2O,0
CDC37,0
SLX4,0
REEP3,0
PKMYT1,0
MEI4,0
RRP36,0
ZBTB7A,0
CDKN2AIPNL,0
JOSD1,0
ILKAP,0
INO80D,0
SLC25A11,0
FAM160B1,0
TMEM167B,0
GABARAP,0
RTL8A,0
H2AZ1,0
SMAP1,0
EPS8,0
AP3S2,0
TMPO,0
PBX1,0
MRPL18,0
C14ORF119,0
RAD17,0
EGF,0
PPA1,0
PPP1R8,0
AIF1,0
RBL2,0
PDGFB,0
LIF,0
DPM3,0
NDUFA1,0
AZI2,0
PCMT1,0
ZNF207,0
PTENP1-AS,0
CLPTM1L,0
FBXL7,0
PCNA,0
PPM1G,0
NSD2,0
RAB1A,0
MCCC2,0
MED10,0
CDK12,0
GSTK1,0
PPP1R12A,0
SPAG9,0
CPAP,0
SAMD1,0
NCBP2-AS2,0
SSNA1,0
KASH5,0
RPS27A,0
RPL11,0
RMDN1,0
PPDPF,0
NDUFB4,0
RPA1,0
PELP1,0
LMAN2,0
MAP1S,0
PET117,0
WBP11,0
EME2,0
SLC25A6,0
SEC13,0
NSMCE4A,0
EIF3I,0
AGGF1,0
WDR45B,0
MMADHC,0
ZMIZ1,0
WDR59,0
ANK3,0
MTF2,0
TICRR,0
THAP5,0
PEX16,0
NUP58,0
CBY1,0
NDUFA2,0
RBM7,0
DLGAP4,0
KDM8,0
CDK2AP1,0
RAB12,0
ACBD3,0
PRMT6,0
TOR1B,0
LAMTOR1,0
BORA,0
HEXIM1,0
SAC3D1,0
SEPTIN5,0
MRPL37,0
CCNJ,0
ZKSCAN1,0
TCF19,0
TP73,0
LY6E,0
TMA7,0
E2F7,0
TMEM131,0
TTC19,0
TLK2,0
SRP14,0
PIP5K1C,0
SEPTIN3,0
SF3A3,0
TUBA1B,0
TIPRL,0
NAPA,0
TOMM7,0
TGM1,0
CCDC86,0
ZRANB2,0
CDK9,0
LLGL2,0
OTUD4,0
STRN4,0
PRPF38B,0
SGO2,0
SDHAF1,0
SFSWAP,0
PSMG3,0
BRI3,0
STOML2,0
COX6B1,0
RNASEK,0
CUL4A,0
IFRD1,0
RBMX,0
YTHDF1,0
DESI1,0
CHMP2A,0
C10ORF90,0
NPC2,0
PPM1A,0
IDH3G,0
MKI67,0
CCDC9,0
NEK3,0
GPR15LG,0
STT3B,0
GLRX2,0
FAM122A,0
RAB6A,0
DUS1L,0
FIRRM,0
NDUFV3,0
AKIRIN1,0
ERP29,0
TMEM42,0
MLEC,0
RBX1,0
TSR3,0
UBE2H,0
TMEM251,0
CSGALNACT2,0
SRPRB,0
UQCRQ,0
WDR55,0
MYCBP2,0
SASS6,0
TRNP1,0
CKS2,0
NUP153,0
SPCS3,0
DEK,0
POLE,0
NUP37,0
UQCRB,0
MAN1A2,0
ATN1,0
NFIC,0
DYNLL2,0
CLPP,0
GPKOW,0
PCNT,0
HNRNPUL2,0
CRK,0
HLA-B,0
VAT1,0
BOD1,0
RC3H2,0
SEPTIN14,0
KAT2A,0
TLE6,0
ANKFN1,0
CDC14A,0
DLGAP5,0
PRPS1,0
CCNL2,0
CDC14B,0
MEN1,0
PSMB5,0
SF3B5,0
GOLGA2,0
TUBB4B,0
RPL27A,0
GRK2,0
CENPS,0
RAD51,0
MBTPS2,0
GNPAT,0
DNASE2,0
YBX1,0
HECW2,0
MRPS36,0
DVL3,0
TIMM10B,0
PSMD2,0
NPIPA1,0
COPZ1,0
RHOU,0
CDKL3,0
MRPL24,0
RETREG3,0
TPP2,0
RBBP8,0
TLK1,0
CHD2,0
ERGIC3,0
TMEM43,0
DUT,0
DENR,0
MT2A,0
PTPN6,0
RNF149,0
PSMB3,0
SLF2,0
ZDHHC7,0
OSER1,0
DUX4,0
YEATS4,0
DPM1,0
HSPA14,0
IRF2,0
SNRPB,0
SEPTIN1,0
HOXC10,0
HOXD10,0
MRGBP,0
CBX3,0
ANKRD31,0
ZBTB17,0
UBL7,0
YTHDC2,0
PIN4,0
PMVK,0
PRIM2,0
POLR2I,0
PPP6R2,0
AMD1,0
CCPG1,0
CHORDC1,0
MCM3,0
TXLNG,0
G3BP2,0
TCF3,0
CCZ1,0
FBXL5,0
COX7B,0
RPS25,0
NOP53,0
CD2BP2,0
SPTBN1,0
ILF3,0
EML4,0
TERF2,0
ASF1A,0
SH2B1,0
PI4K2A,0
WAPL,0
PPME1,0
UQCR10,0
SREBF2,0
SWI5,0
SLBP,0
MARF1,0
PRDX6,0
SLC6A4,0
TUBA1C,0
CABLES1,0
PSMA8,0
RBM8A,0
ANGEL2,0
AHCTF1,0
SELENOK,0
EIF3D,0
TRIP12,0
ARPC2,0
NEK9,0
NFIA,0
TBCB,0
POLR3GL,0
CHID1,0
COA6,0
GTF2F1,0
DCAF5,0
PSMB2,0
HNRNPM,0
TRRAP,0
PKN2,0
NCBP2,0
CCND3,0
CEP85,0
COG7,0
MTX2,0
RMND5A,0
HEPACAM,0
PAF1,0
PARD6G,0
SF3B2,0
RCC2,0
DMD,0
MYOG,0
ENTR1,0
PRKAG1,0
PBX2,0
EIF2AK1,0
OPN1MW,0
DCAF11,0
GNAI1,0
PABPN1,0
MAD2L1BP,0
OAZ2,0
OVOL2,0
RFWD3,0
TOP3A,0
CAMLG,0
SURF2,0
NENF,0
RXRB,0
COPS6,0
COASY,0
PLSCR1,0
ISOC2,0
MORC2,0
RGS14,0
CDCA2,0
GET4,0
WSB2,0
MRPL15,0
H3-3B,0
SNX12,0
BTBD6,0
PACS1,0
SSR2,0
FKBP6,0
BANF1,0
TTN,0
NUS1,0
MRPL58,0
MRFAP1L2,0
TRPC4AP,0
ERLEC1,0
SENP5,0
CCP110,0
FOXG1,0
WDR83OS,0
KCNH5,0
DHX15,0
KPNB1,0
KCTD10,0
SSB,0
STK35,0
PAICS,0
NPLOC4,0
EXOC7,0
ZSCAN21,0
MTCL1,0
CTDNEP1,0
BRAT1,0
SUMO3,0
PAFAH1B2,0
BRIP1,0
EXOC5,0
LIMK2,0
CHFR,0
RPN2,0
VPS37B,0
NLRP7,0
YKT6,0
RPL32,0
ERH,0
MAPRE2,0
NOP9,0
KHDRBS1,0
SRSF3,0
TTLL12,0
NSUN2,0
CERK,0
PIP4P1,0
TCAF1,0
EXO1,0
PARD6A,0
CCDC22,0
TMEM258,0
SLC35E1,0
M1AP,0
ZER1,0
SEPTIN10,0
PPP2R5E,0
SBF1,0
BRF2,0
CENPU,0
GEM,0
WDR62,0
RAD21,0
RPL37A,0
RRAGC,0
WDR12,0
NUTF2,0
PURB,0
SNRPD2,0
MRPS18C,0
LCMT1,0
RHNO1,0
LAMTOR4,0
RRS1,0
ING3,0
DDX50,0
RBM38,0
JUNB,0
USP48,0
SSTR5,0
RIPOR2,0
H2AZ2,0
HSF1,0
GDI2,0
PSAP,0
RNF167,0
SEPHS1,0
TUT1,0
DUSP3,0
PTTG1,0
BAP1,0
SAR1A,0
TUBGCP4,0
PSMD7,0
EDF1,0
TOR1A,0
ATP6AP2,0
CSPP1,0
EDN3,0
DCK,0
NOLC1,0
ZNF655,0
ODR4,0
ELOF1,0
FAM8A1,0
CLIP1,0
UGP2,0
ATP6V1E1,0
ALDH9A1,0
NFYC,0
NFYB,0
NOP56,0
DHPS,0
ARMCX3,0
CHMP1B,0
KMT5A,0
TMEM167A,0
MTA3,0
PKP4,0
UBL5,0
ZFAND3,0
SPEN,0
SMARCA5,0
COPS2,0
RNF212,0
TRAIP,0
CDK18,0
ESYT2,0
CCNL1,0
MPHOSPH10,0
VPS4A,0
TUBG1,0
TFDP3,0
RABGGTB,0
GSTO1,0
TMEM259,0
PPM1D,0
PCGF5,0
BCAT1,0
P3H4,0
GATAD2B,0
RUVBL2,0
CDC5L,0
ERI3,0
PWP2,0
TINF2,0
CDC123,0
STIM1,0
MSH4,0
YY1AP1,0
CYB5R3,0
FN3KRP,0
FANCC,0
TTL,0
WHAMM,0
SSX2IP,0
SMC1A,0
CLSPN,0
ASH1L,0
ELOA,0
BTN2A2,0
SDF4,0
C1ORF174,0
POLD1,0
RAD51AP1,0
CDK16,0
SART3,0
WASHC5,0
UBFD1,0
ZFPL1,0
SSR3,0
CHMP4B,0
HNRNPA3,0
CENPQ,0
MRPL28,0
TMED4,0
WASHC3,0
DCTN1,0
SLC38A10,0
SMAD2,0
ZNRD2,0
CDCA8,0
PAIP1,0
GOBP_CELL_CYCLE,0
KIF20B,0
METTL26,0
BORCS7,0
RFC1,0
HSBP1,0
KLHL9,0
CENPX,0
ITGB1BP2,0
NHP2,0
SPAG5,0
RING1,0
IK,0
RPS5,0
SH3BGRL,0
PLCB1,0
MEIOC,0
SMARCE1,0
TK1,0
PLK5,0
RPL4,0
EXD1,0
B4GALT3,0
NDUFB10,0
FIZ1,0
NUP50,0
PIWIL3,0
UBXN2B,0
RNF212B,0
RPS10,0
ABCB10,0
GTF2E2,0
RPL8,0
H2AX,0
KIZ,0
HINT3,0
CCNH,0
GTF3A,0
FNTB,0
DDX39A,0
RCC1,0
SDCCAG8,0
ANKRD40,0
RPL36A,0
ATP5MD,0
ZNF706,0
C4ORF3,0
PSMA4,0
ACTL6B,0
PIK3C3,0
SRPRA,0
BRK1,0
STMN1,0
LARP1,0
FBXL15,0
EEF2,0
UTP3,0
UBC,0
ARHGAP35,0
RPL31,0
RPS15,0
RPL10,0
H2BC12,0
ECH1,0
TMOD3,0
MN1,0
ATP5MF,0
SCAF1,0
VPS26A,0
KARS,0
LMF2,0
ABHD17A,0
HECA,0
EIF2D,0
POP7,0
PPP1R35,0
TPR,0
STAG3,0
VPS4B,0
RPS21,0
DCLRE1B,0
CCDC15,0
NSL1,0
DDX19A,0
RPS27,0
PMS1,0
TMEM208,0
GTF3C3,0
FBXO42,0
SCAMP3,0
CAB39,0
PPP2R5D,0
THAP12,0
ADRM1,0
NCBP1,0
SLC12A2,0
C6ORF120,0
KHSRP,0
SPAST,0
UBAP2L,0
E2F8,0
TMEM256,0
FTSJ3,0
TMED7,0
MIR515-1,0
RPL35A,0
KIF4A,0
LRRC42,0
GIGYF2,0
UBAC1,0
ARL3,0
CETN1,0
ACTR1A,0
EXOC3,0
ZFP42,0
PHRF1,0
LMNB1,0
USP37,0
BCL7A,0
RPL29,0
PPP1R37,0
NDUFB8,0
SUPT4H1,0
SRSF1,0
CNBP,0
PDIA6,0
EIF3E,0
TOR1AIP1,0
KLHDC10,0
CEP44,0
CENPT,0
PIWIL1,0
PMPCA,0
PCM1,0
ACVR1B,0
UIMC1,0
RAB4A,0
TCP1,0
H1-8,0
VPS36,0
TSTA3,0
TUBGCP6,0
RNF40,0
TPM4,0
MCIDAS,0
LUZP1,0
DNMT3L,0
HSPA2,0
CGREF1,0
MORF4L1,0
TUBA3D,0
PIGH,0
CDK14,0
PRPF19,0
TBL1XR1,0
ADCYAP1,0
SF3A2,0
NUP43,0
BTBD18,0
HNRNPDL,0
DVL2,0
SLC2A8,0
RPL19,0
WDR6,0
CENPW,0
SYCP3,0
CASP8AP2,0
SYCE1L,0
MGRN1,0
ROMO1,0
VPS28,0
TSPAN3,0
MACF1,0
ZC3H18,0
ID2,0
C1ORF123,0
ZFYVE21,0
MISP,0
CTSB,0
SLC25A31,0
TUBA3E,0
NOSIP,0
CYC1,0
CNTD1,0
NAT9,0
SFN,0
FAM206A,0
SMIM19,0
TRIM21,0
TBRG1,0
RBM14,0
SNX33,0
NOP58,0
R3HDM4,0
CENPK,0
SLC30A5,0
JADE3,0
FURIN,0
MRPL47,0
G6PC3,0
TUBB1,0
H3F3A,0
TMEM205,0
ZC3H3,0
CKS1B,0
ISCA1,0
DTYMK,0
RTF2,0
SARAF,0
RPL21,0
KLHL13,0
WSB1,0
MAP3K3,0
MRPL22,0
PPP1R9B,0
MSL2,0
TRAPPC3,0
PSMB1,0
ABRAXAS2,0
MZT2B,0
SNX1,0
NCAPG,0
TAX1BP3,0
ATXN7L3B,0
NEK4,0
KIF3A,0
TPI1,0
SNRPG,0
TEX12,0
UBA2,0
CEP72,0
INPP5K,0
HES1,0
HSD17B12,0
SETD3,0
ATP2B4,0
SNAP29,0
FAM192A,0
MBLAC1,0
SLC39A5,0
CEP63,0
CCT4,0
EHMT2,0
ANP32E,0
AP2A1,0
MTMR3,0
SP2,0
RAD51B,0
SAP30,0
SPG11,0
MRPL41,0
CENPL,0
HNRNPH2,0
ARFGEF2,0
TUBB8B,0
SEL1L,0
DHX40,0
OOEP,0
RPRD1B,0
BROX,0
LSM14A,0
NUCKS1,0
PIK3R4,0
SUB1,0
GPSM2,0
USF2,0
USP14,0
TPM3,0
RAE1,0
MPRIP,0
MGST3,0
UBXN6,0
RNF112,0
DIAPH3,0
BABAM1,0
PPIL4,0
NEK10,0
TERF2IP,0
CCNP,0
LSM1,0
MCRIP1,0
CHMP1A,0
STOX1,0
RPSA,0
LRCH4,0
UTP14C,0
VRK1,0
RBM42,0
EIF2AK4,0
MBD6,0
SYAP1,0
CCNB1IP1,0
MED19,0
SMIM12,0
H3Y1,0
AP2S1,0
ANAPC11,0
RAB2A,0
CENPA,0
CCDC69,0
ZYG11B,0
BRSK1,0
TAOK3,0
CHCHD2,0
EIF3J,0
RAD50,0
ZRANB1,0
TP53I13,0
CACTIN,0
TSC22D4,0
CDK15,0
KBTBD2,0
BLOC1S4,0
KLHL18,0
ATL2,0
TCF25,0
GTF2B,0
RPS28,0
SAPCD2,0
BLCAP,0
TUBGCP2,0
PAFAH1B1,0
DNAJC7,0
RBM17,0
NPIPB3,0
TUBB,0
SLC30A9,0
TBX2,0
ARL2,0
EIF4G1,0
SPATA22,0
NDUFAF2,0
VKORC1,0
CSNK1G2,0
SEC24B,0
TADA3,0
CENPV,0
STARD9,0
KIAA0753,0
SELENOW,0
TDRD12,0
VPS51,0
BCR,0
OGDH,0
GOSR2,0
CCNI2,0
RAB11A,0
ANKRD53,0
GAS2,0
CRY1,0
KATNAL2,0
KIF18B,0
ILF2,0
SARS,0
BDH2,0
PPP1R14B,0
SRP19,0
MEIOSIN,0
GBF1,0
SMARCAD1,0
NF2,0
GORASP2,0
ARNT,0
CCDC8,0
GNB1,0
NCAPG2,0
RSRC2,0
ZNF768,0
NASP,0
RPS14,0
PTTG2,0
AURKAIP1,0
TPP1,0
TAOK1,0
CIT,0
MED29,0
SLC25A3,0
KIF18A,0
PDE4DIP,0
PBDC1,0
ASNSD1,0
ATP5MG,0
DYNC1I2,0
NUDT21,0
PRPF6,0
SARNP,0
MAF1,0
FAM98A,0
PSMD3,0
KIF11,0
RMI1,0
SF3B4,0
RPTOR,0
REC114,0
SGTA,0
BUD31,0
MED25,0
MCM4,0
DENND4B,0
MRPS18A,0
MAPK15,0
EXOSC10,0
COX5B,0
NDP,0
SUSD2,0
PPP1R13B,0
FBL,0
KNTC1,0
PADI6,0
MPZL1,0
CTDSP1,0
MED11,0
ERGIC1,0
CACUL1,0
PBK,0
KCTD19,0
SEPTIN11,0
UROD,0
NIN,0
GOLGA5,0
MOS,0
MACROH2A1,0
SMIM22,0
ATR,0
TMSB10,0
KDELR2,0
PAX6,0
NUFIP2,0
EID1,0
GDE1,0
PRKCE,0
CENPC,0
TRIP4,0
OPN1LW,0
DUSP22,0
NEK7,0
CSNK2A3,0
CIRBP,0
TUBD1,0
TMEM203,0
PLPBP,0
NOX5,0
PRKCSH,0
ACAD9,0
USP9X,0
TELO2,0
PAPOLA,0
USP34,0
ZNF541,0
EIF1AX,0
TM4SF5,0
YEATS2,0
ASNA1,0
DYNC1I1,0
GAS1,0
RECQL5,0
SFR1,0
PSMA6,0
ATP5PO,0
CLOCK,0
RALA,0
RPL14,0
CALM3,0
PABPC1,0
NFATC2IP,0
NSMCE2,0
TCEAL4,0
OFD1,0
DCAF13,0
EID2,0
ACTR1B,0
CENPM,0
HINFP,0
BLM,0
ID4,0
NPTN,0
OSBP,0
DHX38,0
GGA2,0
RPL10L,0
JAK1,0
MAML1,0
EXOSC4,0
MRTO4,0
TUBB2B,0
THRAP3,0
NANOS2,0
DPP7,0
CCNF,0
CENPB,0
MSH5,0
RPL10A,0
VMA21,0
RPL13A,0
TAF11,0
RNF44,0
MIR133B,0
NFE2L1,0
ERAL1,0
CSNK1A1,0
RPS19BP1,0
SNX3,0
U2AF2,0
EBAG9,0
SRRM2,0
GIPC1,0
MYH10,0
PHF8,0
ADSS,0
CDK5RAP2,0
SENP6,0
COPG1,0
MNS1,0
SELENOH,0
SMC5,0
CEBPA,0
LSM11,0
FAM50A,0
COX8A,0
LPIN1,0
NOMO1,0
ATG3,0
CSAG1,0
RSAD1,0
PHF13,0
MRPL43,0
MRPS30,0
PEBP1,0
TAF2,0
RNF187,0
GRPEL1,0
IPO5,0
ESX1,0
RMI2,0
CCNB2,0
BCL7C,0
KIF1BP,0
DAZL,0
PDCD6IP,0
SMC4,0
EEF1A1,0
HJURP,0
EIF2S2,0
URM1,0
UBE2C,0
RRM1,0
MARCH7,0
SRSF10,0
EGLN2,0
RPL5,0
ELK1,0
LSM14B,0
EIF4EBP3,0
CFAP36,0
COX6A1,0
SETD2,0
ZZZ3,0
ESPL1,0
STK33,0
TMX4,0
GINM1,0
NDUFB9,0
CEP295,0
HAUS8,0
HLA-C,0
DNAJB9,0
NIPBL,0
RAD23A,0
LRRC47,0
TEX14,0
SMC1B,0
TEX19,0
TSPYL1,0
INCENP,0
HGS,0
DMRT1,0
CTPS1,0
TUBGCP5,0
ZBED3,0
SNRNP35,0
TRAPPC12,0
CDC34,0
TRIM37,0
TNKS2,0
ZNF593,0
BRINP3,0
FGFR1,0
PGRMC1,0
STRA8,0
SRSF11,0
TSC2,0
OSGIN2,0
HAT1,0
DPF3,0
AFG3L2,0
RPL9,0
BRD4,0
TUBG2,0
TESMIN,0
YIPF3,0
SDHAF2,0
UHRF1,0
TARDBP,0
RFC2,0
PDAP1,0
FZR1,0
PAXIP1,0
CST3,0
KIAA1109,0
TMEM165,0
TOP3B,0
MLH3,0
USP51,0
RP9,0
TRAM1,0
MIR372,0
RPLP1,0
JADE2,0
ANLN,0
ACTN4,0
VPS39,0
RAB24,0
WDR82,0
GABARAPL2,0
BIN3,0
TRIM8,0
ERVK3-1,0
RALBP1,0
NEU1,0
NARS,0
SIPA1,0
FAM168A,0
SPC24,0
MLH1,0
PAM16,0
PYURF,0
DHX30,0
GATD1,0
FEN1,0
PFDN1,0
CTCF,0
RPL39,0
CDKN2B,0
AGFG1,0
GAA,0
CENATAC,0
GINS1,0
NME1,0
CAV2,0
EMC2,0
TMSB4X,0
DR1,0
VPS72,0
RPL36AL,0
SKA2,0
ERCC6,0
MCPH1,0
FOXO4,0
LSM12,0
DNAJA2,0
ZNF365,0
WRN,0
UBR7,0
PPP2R5C,0
HNRNPAB,0
CENPI,0
DYNLRB2,0
POLR2L,0
HNRNPC,0
USP28,0
PDHA1,0
SNRNP70,0
POLQ,0
TIMM13,0
UBQLN1,0
RDX,0
CCNY,0
GOLGB1,0
METTL9,0
APRT,0
MIR134,0
RNF11,0
PLA2G15,0
MRM3,0
NEDD1,0
EEF1D,0
PPP2R2A,0
AKAP8L,0
TUSC2,0
LETM1,0
RPL7,0
PPP1R11,0
FBXO31,0
ZNF703,0
C2CD3,0
GIT1,0
MKRN1,0
LSM2,0
CDC25A,0
MAPRE3,0
CIAO2B,0
RNF7,0
HUWE1,0
RPL17,0
RCN1,0
PER2,0
TRIR,0
POLE3,0
COPRS,0
ATP5PD,0
MAGT1,0
ZMPSTE24,0
FBXO4,0
CD320,0
LRRC41,0
HPF1,0
SMU1,0
TIMM17A,0
ACBD6,0
DPF2,0
PSMD11,0
POC5,0
COX7C,0
GLRX5,0
MSL1,0
SMARCA2,0
RGP1,0
CDK2AP2,0
SGSM3,0
ZC3H11A,0
TPPP,0
NUP98,0
CALCOCO1,0
HINT1,0
PRPF8,0
IGBP1,0
ANAPC1,0
ZDHHC6,0
EME1,0
ARF3,0
VPS29,0
FAM220A,0
TBC1D20,0
PTGES2,0
BRME1,0
SLFN11,0
ZWINT,0
MARK3,0
GPNMB,0
AAMP,0
XRCC4,0
ARL8A,0
NEUROG1,0
UBE2L3,0
EP400,0
WTAP,0
CEP76,0
DCAF12,0
PARN,0
DCTN4,0
CBX1,0
CKAP5,0
DDX1,0
FAU,0
SNAPIN,0
ZBTB18,0
AKAP8,0
HUS1B,0
MCMDC2,0
UFC1,0
TOP2B,0
ANKK1,0
C16ORF72,0
CNP,0
MAPK1IP1L,0
SRSF4,0
POLR1E,0
ATP6AP1,0
SLC35A1,0
MED28,0
TALDO1,0
RPLP0,0
EIF2B3,0
SPOUT1,0
ZBED5,0
MUT,0
CDK17,0
ARFGAP2,0
MTREX,0
PMS2,0
MIR519D,0
MAFK,0
SPCS2,0
CD99,0
MXD3,0
CSRNP2,0
DNTTIP1,0
ATE1,0
STRAP,0
RBM46,0
MND1,0
PRPF38A,0
NANOGP8,0
ARL5A,0
LTV1,0
LFNG,0
HIRA,0
DNAJC11,0
GLRX3,0
CACNB4,0
BLOC1S2,0
HECTD1,0
DOT1L,0
CDK20,0
TMEM30A,0
GMNN,0
RAD51D,0
ZMAT2,0
NDUFB7,0
PRC1,0
SF1,0
MAJIN,0
NCAPH,0
POLR2J,0
MDM1,0
SDCBP,0
ICMT,0
POLD2,0
ZW10,0
TPRA1,0
TMEM8B,0
VPS26B,0
NUDC,0
JPT1,0
HLA-E,0
BRCA2,0
SNRPD3,0
CDK4,0
PSMC3IP,0
CYB5B,0
RPL34,0
TFG,0
ANAPC10,0
MEPCE,0
NAP1L1,0
SEC11A,0
IQSEC1,0
VTI1B,0
TOM1L1,0
KIF2C,0
RAD54B,0
TOP1,0
SUGT1,0
CHMP2B,0
ARIH2,0
MBTD1,0
SS18,0
MTFR1L,0
MRNIP,0
BRD8,0
HTATSF1,0
NUP107,0
EMC8,0
TOMM70,0
ASF1B,0
EMC4,0
FOXM1,0
AP3M1,0
SMC3,0
NRBP1,0
ELL,0
UBE3C,0
POLR2K,0
NSA2,0
SYS1,0
CUTA,0
MME,0
MAU2,0
PUM2,0
GJA1,0
MAP4,0
EIF2B1,0
BEX4,0
FBXO43,0
MRPL16,0
DDX51,0
MIR10A,0
TRIM71,0
GATD3A,0
VASH1,0
NUDT9,0
DYNLL1,0
FCF1,0
DDX12P,0
SPRY1,0
LIG1,0
TRIM36,0
EPRS,0
HAGH,0
WAC,0
FAM9C,0
USPL1,0
CLPX,0
RRP8,0
BCKDK,0
HNRNPUL1,0
P4HB,0
SYCE2,0
MRPL23,0
NOP14,0
DTX3L,0
IKZF5,0
EIF3H,0
PPP2R5A,0
ATF2,0
CENPE,0
GTF2F2,0
ATP6V0E1,0
DSCC1,0
ADAMTS1,0
CROCC,0
SEH1L,0
BSG,0
TDRD1,0
TMEM14B,0
WEE2,0
GPATCH4,0
ZFYVE26,0
BRSK2,0
SPDL1,0
DUSP13B,0
ANAPC13,0
ANAPC5,0
HSF5,0
AKIRIN2,0
OR2A4,0
INTS10,0
SMOC2,0
CDC7,0
VBP1,0
CEP68,0
UBL4A,0
EIF4G2,0
SNX17,0
COMMD6,0
CXCR5,0
RTF1,0
UBE2Q1,0
HAUS2,0
MIR892B,0
MBD2,0
COPA,0
IRF2BP1,0
SEC61B,0
NAE1,0
GPN3,0
ANKLE1,0
CHMP4C,0
ANKRD17,0
RPIA,0
DGCR6L,0
FAM177A1,0
RANBP1,0
WNK1,0
NAP1L4,0
ZNF324,0
EXOC4,0
MFSD14B,0
BRINP1,0
ACTL6A,0
TMEM50A,0
RPS2,0
TREX1,0
CUL5,0
FAF2,0
RPL24,0
TEX15,0
CHEK2,0
CAPZA1,0
NDUFC2,0
TADA2B,0
SDHD,0
KIAA0100,0
ETFB,0
DBX2,0
MAP9,0
MYO19,0
TFDP2,0
NAXE,0
LENG8,0
WBP4,0
STK24,0
TMEM230,0
PLOD3,0
POLR1D,0
ANKFY1,0
CDK5RAP1,0
PRELID3B,0
EEF1B2,0
NDUFS3,0
MED4,0
ACTR3,0
SRP9,0
HSPE1,0
INSR,0
MDC1,0
YY1,0
TUBB6,0
CIAO2A,0
CCDC50,0
WDR75,0
KAT14,0
MAD2L2,0
SGO1,0
TRIP13,0
GRHPR,0
APEH,0
NUP205,0
CLTC,0
EPM2AIP1,0
MRPL20,0
CDT1,0
KIF2B,0
SURF1,0
ALKBH5,0
SOX15,0
CDIPT,0
RNF6,0
CSE1L,0
SHB,0
SUN2,0
HAUS5,0
MAP3K7,0
MAP2K2,0
COQ5,0
H3F3B,0
SPIRE2,0
ACOX1,0
RNF113A,0
NOB1,0
EBNA1BP2,0
PRPF18,0
SLC4A1AP,0
PSMA5,0
BEX2,0
NDUFA8,0
XRCC3,0
MUL1,0
MRPL3,0
CDC6,0
MEI1,0
CALCOCO2,0
FBXO28,0
ORC4,0
USP1,0
HINT2,0
ORC6,0
PREP,0
CELF1,0
ZC3H12D,0
AHCY,0
CCNG2,0
RRP7A,0
DDX27,0
EML3,0
ZCCHC17,0
ENKD1,0
MRPS5,0
YARS,0
ANKS1A,0
EFHC1,0
SPPL3,0
MAGEA5P,0
IWS1,0
MAPK12,0
PTCH1,0
COX17,0
RPL18,0
DCTN6,0
HERPUD2,0
RANGAP1,0
TMEM67,0
FIBP,0
UBR2,0
SF3B1,0
NUF2,0
SEPTIN7,0
UCHL5,0
OGA,0
VAMP5,0
INTS7,0
CCDC42,0
KLHDC8B,0
PABIR1,0
PGAM1,0
AGPAT1,0
NXF1,0
NUDT16L1,0
CDS2,0
KNL1,0
C14ORF39,0
HNRNPD,0
PSMB6,0
UBXN1,0
NUMA1,0
PAGR1,0
RBBP7,0
TMEM245,0
COX15,0
PCYOX1,0
SSU72,0
ERCC2,0
PNO1,0
FAM9A,0
FNBP4,0
GATAD1,0
BAZ1B,0
GNG10,0
UPF1,0
EXOSC8,0
MIR873,0
BET1L,0
RPRM,0
ITM2B,0
SLC7A1,0
WDR90,0
CSNK1D,0
BCCIP,0
MIR26A1,0
PARD6B,0
ARPC1A,0
SYCP1,0
VPS26C,0
RPS18,0
MLF1,0
HSPA4,0
SLC26A8,0
MEAF6,0
RUVBL1,0
MSN,0
CDKN1C,0
CENPP,0
TSPYL2,0
ATP5F1D,0
RAB3GAP1,0
AP1G1,0
BTF3,0
MRPL36,0
TAB1,0
BRD3,0
CDK6,0
MCMBP,0
CLASP2,0
RTTN,0
COMT,0
XRCC6,0
PAN2,0
NABP2,0
GOLGA4,0
CDKL1,0
FUBP3,0
SLIRP,0
RAB11FIP4,0
TUBGCP3,0
PTTG3P,0
PPP2R3B,0
AIDA,0
REDIC1,0
FBXO21,0
TTYH1,0
COQ10B,0
EIF3G,0
BZW1,0
CCDC12,0
USP12,0
STRN3,0
FAM20B,0
EED,0
TMCO1,0
ZNRF4,0
SMIM11A,0
RNF181,0
SNRPE,0
TUBB2A,0
CDKL5,0
UBE2D3,0
AIP,0
FDX1,0
CUTC,0
H2AFJ,0
ATRIP,0
DLG1,0
TGFA,0
SQLE,0
WBP2,0
ENSG00000266560,0
ELOVL1,0
UBE2G1,0
KLHL22,0
YIPF6,0
TTK,0
H2AFV,0
LLGL1,0
MAPKAPK2,0
CCNG1,0
H2AFY,0
C6ORF106,0
FAM110A,0
MAD2L1,0
RRP9,0
EIF4EBP1,0
ECD,0
SETDB2,0
CCDC97,0
CCNQ,0
ARCN1,0
HORMAD1,0
IRF2BP2,0
MIR193A,0
PTK6,0
ANKRD52,0
NCL,0
KATNA1,0
SPICE1,0
MBIP,0
HNRNPA0,0
EDC3,0
REEP5,0
SUSD6,0
TMEM14C,0
MOK,0
MED13,0
UQCR11,0
KDM2A,0
UXT,0
FSD1,0
GALNT1,0
C11ORF98,0
ASPSCR1,0
NDUFA12,0
PNKD,0
RPS19,0
PRDM4,0
NDUFAB1,0
UBE2R2,0
TCTA,0
TBCD,0
CEBPZOS,0
HMGN2,0
CAMTA1,0
EMC3,0
SYCE1,0
CCNC,0
KIF5B,0
MRPS10,0
PTEN,0
TPX2,0
TBC1D10B,0
WDR13,0
CD59,0
NLRP5,0
NUDT6,0
GSPT1,0
CEP131,0
PRPSAP1,0
ATP6V1B2,0
ERP44,0
ADIPOR1,0
PPP6R1,0
SERF2,0
TUBB3,0
DCAF15,0
PSMA7,0
DERL1,0
RAD23B,0
RPS16,0
NGRN,0
LAPTM4A,0
RTCB,0
ADO,0
NRDE2,0
TNPO2,0
PPIH,0
PPP1R15B,0
NDUFA5,0
SMARCB1,0
MRPS16,0
MKRN2,0
ZNF318,0
SVBP,0
NPR2,0
HUS1,0
SHISA5,0
NME6,0
POC1B,0
MAPK1,0
PUM1,0
DMC1,0
TAS2R13,0
FBXL13,0
TUBA8,0
CECR2,0
MOB1A,0
PLEC,0
ERCC1,0
HSF2BP,0
ZNF330,0
TERB2,0
TIMELESS,0
HFM1,0
ADIPOR2,0
USH1C,0
SLC25A38,0
MYH9,0
PARP3,0
RAD21L1,0
NUDT15,0
NTMT1,0
ABRAXAS1,0
USP16,0
JAGN1,0
TMEM101,0
DRD2,0
CEBPZ,0
RNF10,0
CEP120,0
CHAF1A,0
DCTPP1,0
LZTS2,0
BUB1B,0
TMEM115,0
KCTD5,0
ACTR2,0
ANAPC15,0
RINT1,0
SPART,0
TSG101,0
PUF60,0
ZFP36L1,0
KAT7,0
RNF216,0
WIZ,0
NCOA5,0
TOMM6,0
CDC42,0
LMO4,0
TIMM17B,0
VRK3,0
PPP1R15A,0
YWHAQ,0
L3MBTL1,0
HAUS4,0
RPA4,0
RPL38,0
ORC5,0
ARID4A,0
MAPRE1,0
DVL1,0
RPL23,0
CEP152,0
ATRN,0
PPP2R2D,0
FBXO30,0
HMMR,0
RALY,0
UBE2F,0
MIS18A,0
MYL6,0
MOB3A,0
SMIM26,0
ZFP36L2,0
VARS,0
DEPDC1,0
EWSR1,0
GLG1,0
USP29,0
PYCR2,0
RPRD2,0
ANP32A,0
GBA2,0
AFG2B,0
GTPBP1,0
SMDT1,0
SEPTIN8,0
BPGM,0
RAB7A,0
SPG7,0
MBTPS1,0
PCMTD2,0
H3-5,0
CBX5,0
MEA1,0
CCNA2,0
TMEM127,0
HNRNPA1,0
MED21,0
SBDS,0
TIMM10,0
FANCM,0
SEPTIN2,0
ORC2,0
CCSAP,0
EZR,0
JTB,0
DTL,0
EAPP,0
TRMT112,0
AURKC,0
CYP26B1,0
H3-7,0
SMYD5,0
NUP133,0
TSR2,0
TNFAIP1,0
GINS4,0
U2AF1,0
AGPAT3,0
PPP1CC,0
RPS8,0
REC8,0
PQLC1,0
STK11,0
WBP2NL,0
TM2D3,0
RFC4,0
ECPAS,0
MOV10L1,0
COX7A2L,0
NR1H2,0
TMX2,0
MRPL39,0
PLAA,0
C9ORF16,0
EXOC6B,0
CCNT1,0
SS18L2,0
LEPROT,0
TXNDC9,0
SDE2,0
PMM1,0
SENP2,0
FBXW11,0
NEK11,0
TOP6BL,0
DCDC1,0
ZCWPW1,0
ZBTB49,0
HLA-A,0
E2F2,0
SEPTIN6,0
MRPL12,0
YTHDF2,0
MED9,0
ADARB1,0
PREB,0
WIPI2,0
PPP1R12C,0
PSMD5,0
CTC1,0
TMEM41A,0
USP26,0
ATP5MC1,0
SKA1,0
EIF1B,0
DYNC1LI1,0
RAB6C,0
CHTF8,0
LARS,0
TIPIN,0
LSM3,0
SAMD4B,0
MARCH5,0
ATF6B,0
SUPT6H,0
NT5C2,0
ZMYND19,0
PNRC2,0
COPS4,0
GRB2,0
B4GALT7,0
ATRAID,0
RPL15,0
SSSCA1,0
RIOK2,0
B4GAT1,0
FBXO6,0
TRAPPC1,0
RANBP2,0
FEM1B,0
TACC2,0
SELENOT,0
NMD3,0
VPS52,0
NDUFA4,0
DGKZ,0
TAF1,0
SERINC1,0
E2F4,0
ASXL1,0
OST4,0
SURF4,0
ETS1,0
ZNF672,0
JADE1,0
CRTAP,0
ZNHIT1,0
CHD3,0
RSL24D1,0
RPL41,0
LIN37,0
C12ORF57,0
HCFC1,0
ECRG4,0
DCTD,0
CDCA5,0
ZNF777,0
POC1A,0
KIF20A,0
JUND,0
EIF5B,0
MCM2,0
PBRM1,0
HIPK1,0
CCNI,0
SEM1,0
CGGBP1,0
MEIKIN,0
SMARCC2,0
LBR,0
TSC22D2,0
UBE2K,0
HMGN4,0
RTKN,0
LYAR,0
APPL1,0
VPS37C,0
HORMAD2,0
DBF4,0
CDKN3,0
NCOR1,0
FUBP1,0
MRPL49,0
SLC38A2,0
SNRPA,0
SERP1,0
GPR132,0
RPN1,0
DNAJB2,0
MTMR4,0
SFT2D1,0
POLR2C,0
CUL2,0
FAM9B,0
KIFC1,0
TAF1L,0
RNASEH2A,0
CKAP2,0
RAD54L,0
FHL1,0
TBRG4,0
ATPAF1,0
WDR5,0
THOC7,0
ADH5,0
TIMM22,0
PPP6C,0
DBF4B,0
ZNF22,0
RAB2B,0
CLASP1,0
TOMM22,0
GNL2,0
USE1,0
IQCB1,0
TACC3,0
PHF12,0
CUL7,0
POLA1,0
MAGEF1,0
RAN,0
CMPK1,0
NUDT16,0
SMC2,0
KTN1,0
UBE2V1,0
UBE2D2,0
RHBDD2,0
COA4,0
HBP1,0
ARFGAP3,0
AKAP10,0
CYP27B1,0
MBD1,0
CD63,0
SETD1A,0
REXO1,0
HOXC9,0
SAFB2,0
RNF19A,0
MTPN,0
NDUFB1,0
NACC1,0
METTL3,0
UQCRH,0
RUNX3,0
COA5,0
EIF3K,0
MRPL14,0
LENG1,0
SERBP1,0
SKP1,0
DDX17,0
TAF7,0
CCNE1,0
KPNA4,0
SIRT7,0
TERF1,0
KRTCAP2,0
NUP214,0
KMT2E,0
ANAPC16,0
TATDN2,0
DLD,0
MRPS26,0
CCNJL,0
EIF4B,0
SRRM1,0
PFDN2,0
BMAL1,0
SPTSSA,0
PPIB,0
ABHD4,0
CTDSP2,0
PSMD8,0
CLTCL1,0
PRMT5,0
MAD1L1,0
ANXA11,0
CHMP7,0
LIN9,0
TLE3,0
C6ORF89,0
PPTC7,0
DDX4,0
C1ORF146,0
HDDC2,0
IRF2BPL,0
MPC2,0
DDA1,0
PHGDH,0
LSG1,0
PIWIL2,0
GAPDH,0
BRMS1L,0
LUC7L3,0
DNAJC8,0
RPL30,0
ARPP19,0
GPAA1,0
CDK8,0
OTUD5,0
OPN1MW2,0
DPY30,0
TAPBP,0
PSMB4,0
PCGF3,0
RRM2,0
DMAC1,0
SELENOF,0
RPL7L1,0
ARID1B,0
NDUFS6,0
MIEF1,0
TECPR1,0
EIF4E,0
INO80B,0
CGRRF1,0
MAGED2,0
TUBA1A,0
PSMB7,0
IQGAP1,0
DNA2,0
DENND6A,0
RPS11,0
RFC3,0
OTUB1,0
ASZ1,0
STX4,0
PANK3,0
CNOT7,0
EEFSEC,0
SNF8,0
NEK2,0
GCN1,0
TOLLIP,0
CALR,0
IQGAP2,0
IGSF8,0
SNX9,0
PMF1,0
HADHA,0
GFI1B,0
HAUS6,0
KIAA0319L,0
AK3,0
RPS29,0
MAPK3,0
SUMO1,0
DHX29,0
KCNA5,0
FLOT2,0
RAD9B,0
SOX2,0
ALKBH4,0
HEPACAM2,0
ATP5MPL,0
IPO13,0
USP39,0
ZRSR2,0
PGCKA1,0
PDS5B,0
ENSA,0
INSM2,0
SLC25A28,0
TMEM184C,0
POMGNT1,0
MYO16,0
PSMC1,0
PATL1,0
RNF114,0
RBSN,0
SYF2,0
FBXW5,0
TMEM183A,0
CCDC61,0
BTRC,0
GUK1,0
RPL13,0
MAP2K6,0
TAPT1,0
AK2,0
CNOT9,0
ARL14EP,0
SRSF9,0
CLN5,0
RNF4,0
TTC37,0
ADAM17,0
SUN1,0
CASC3,0
SVIL,0
AXIN2,0
PDE6D,0
CTSZ,0
SPRYD3,0
ASPM,0
CDC42BPB,0
H3Y2,0
MIR208A,0
CIPC,0
MZT1,0
PTDSS2,0
SGF29,0
OS9,0
TOM1L2,0
DRG1,0
FAM107A,0
NDC1,0
ZFYVE19,0
MASTL,0
